time,emg1,emg2,emg3,emg4,emg5,emg6,emg7,emg8
0,-1,6,0,0,0,0,-1,0
1,0,4,0,0,0,0,-1,0
2,1,2,-1,0,0,-1,-1,-1
3,3,0,-1,-1,0,-1,-2,-1
4,3,0,-2,-1,0,-1,-2,0
5,3,0,-1,-1,0,-1,-2,0
6,3,1,-1,0,0,-1,-1,0
7,2,3,0,0,0,0,-1,0
8,2,3,0,0,0,0,-1,0
9,3,3,0,0,-1,0,-1,0
10,3,2,0,-1,-2,0,-1,2
11,4,2,0,-1,-3,0,-1,5
12,5,1,0,-2,-4,0,-1,6
13,5,0,0,-2,-4,0,-1,4
14,4,0,-1,-2,-3,0,-1,0
15,3,-1,-1,-1,-3,0,-1,-4
16,1,-2,-2,-1,-2,0,-1,-7
17,0,-3,-2,-1,-1,0,-1,-9
18,-3,-4,-2,-1,-1,0,0,-8
19,-4,-4,-1,0,0,0,0,-6
20,-4,-4,-1,0,0,0,0,-4
21,-4,-3,0,0,0,0,-1,-3
22,-4,-2,0,0,-1,0,-1,-3
23,-4,0,0,0,-1,0,-2,-3
24,-5,0,0,-1,-1,-1,-2,-2
25,-4,1,0,-1,-1,-1,-2,0
26,-3,2,0,-1,-1,-2,-1,2
27,-1,3,0,-1,-1,-2,-1,6
28,0,3,0,-1,-1,-2,0,9
29,2,3,0,-1,-1,-2,0,10
30,3,2,0,-1,0,-2,0,10
31,4,2,0,0,0,-1,0,9
32,4,3,0,0,0,0,0,7
33,3,3,0,0,0,0,0,6
34,2,4,0,0,1,1,0,4
35,0,4,0,1,1,1,0,1
36,-1,3,0,0,1,1,0,-1
37,-3,1,0,0,0,1,0,-4
38,-4,0,0,0,0,0,0,-6
39,-4,0,0,0,0,0,0,-5
40,-3,0,0,0,0,0,0,-2
41,-1,1,0,-1,-1,0,-1,0
42,0,1,-1,-1,-1,-1,-1,0
43,1,1,-1,-1,-1,-1,-1,0
44,2,0,-1,-1,-1,-2,-2,0
45,2,-1,-2,-1,-1,-2,-2,0
46,1,-1,-2,-2,-2,-2,-3,-1
47,0,0,-2,-2,-3,-3,-3,-2
48,0,1,-2,-2,-3,-3,-4,-3
49,-1,2,-1,-2,-3,-2,-4,-4
50,0,2,0,-1,-1,-2,-4,-3
51,0,1,0,0,0,-1,-4,-2
52,2,1,0,0,0,0,-4,0
53,4,2,0,0,1,0,-2,2
54,5,2,0,0,1,0,0,5
55,6,3,0,0,1,0,1,7
56,7,2,0,0,1,0,2,9
57,7,1,0,0,0,0,2,10
58,6,-1,-1,0,0,0,1,11
59,4,-3,-1,0,0,0,1,11
60,1,-4,-1,0,0,0,0,10
61,-1,-5,-1,0,0,-1,0,7
62,-4,-6,0,0,0,-1,0,4
63,-6,-7,0,0,0,-1,0,1
64,-6,-7,0,0,0,-1,0,-1
65,-6,-6,0,0,0,-1,0,-4
66,-4,-5,0,-1,0,-1,-1,-6
67,-1,-3,-1,-1,-1,-1,-1,-7
68,2,-1,-1,-2,-1,-1,-1,-6
69,6,0,0,-2,-2,-1,-1,-4
70,9,3,0,-2,-2,-1,-1,-3
71,8,5,0,-1,-2,0,-1,-2
72,6,7,1,0,-1,0,-1,-2
73,2,7,1,0,0,0,-1,-2
74,0,6,1,0,0,0,-1,-3
75,-2,4,0,0,-1,0,0,-4
76,-2,2,0,0,-1,-1,0,-6
77,-1,1,0,-1,-2,-1,0,-7
78,0,0,0,-1,-2,-1,1,-8
79,0,0,0,-1,-2,-1,1,-9
80,-1,0,0,-1,-1,0,0,-9
81,-1,0,0,0,0,0,0,-9
82,-1,0,0,0,0,0,0,-9
83,-1,0,0,0,0,0,0,-8
84,-1,-1,0,0,1,0,0,-8
85,-1,-1,0,1,1,0,0,-9
86,-2,-2,-1,1,1,0,0,-11
87,-3,-4,-1,1,0,-1,-1,-15
88,-5,-4,-1,1,0,-1,-2,-18
89,-6,-5,-2,1,0,0,-2,-19
90,-7,-4,-2,0,0,0,-2,-18
91,-7,-3,-1,0,0,0,-1,-15
92,-7,-2,-1,-1,0,1,0,-12
93,-6,-2,-1,-1,0,1,0,-9
94,-5,-1,0,-1,0,1,0,-5
95,-4,0,0,-1,0,1,0,-2
96,-1,0,0,-1,0,0,-1,0
97,0,0,-1,-1,0,0,-2,0
98,1,0,-1,-1,-1,0,-2,0
99,1,-2,-1,-1,-1,0,-2,-1
100,0,-3,-1,-1,-1,0,-1,-1
101,-1,-4,0,0,0,0,0,0
102,-3,-5,0,0,0,0,1,0
103,-5,-6,0,0,0,1,2,1
104,-5,-5,0,0,0,1,3,2
105,-6,-4,0,0,0,0,3,2
106,-7,-3,0,0,-1,0,3,1
107,-10,-2,-1,-1,-1,0,2,0
108,-13,-3,-1,-1,-1,-1,2,0
109,-16,-3,-1,-1,-1,-1,2,0
110,-16,-3,-1,-1,-1,-1,1,0
111,-13,-3,-1,-1,-1,-2,0,-1
112,-8,-2,-1,-1,-1,-2,0,-1
113,-4,-2,-1,-1,-2,-2,0,-2
114,-1,-2,-1,-1,-2,-2,-1,-3
115,0,-2,-1,-1,-3,-1,-1,-3
116,2,-1,-1,-1,-2,-1,-1,-3
117,4,0,0,-1,-2,-1,-1,-4
118,4,0,0,0,-1,-1,-1,-8
119,4,2,0,0,0,-1,-1,-13
120,2,2,0,0,0,-1,-2,-16
121,0,2,0,0,1,-1,-2,-16
122,-2,2,0,0,1,0,-2,-11
123,-3,1,0,0,1,0,-2,-3
124,-3,1,0,0,1,0,-2,4
125,-1,3,0,0,1,0,-2,9
126,1,5,0,0,1,0,-1,9
127,5,8,0,0,1,0,-1,6
128,7,8,0,0,1,0,-1,3
129,7,5,0,0,1,0,-1,0
130,4,0,-1,0,1,0,0,0
131,2,-4,-1,-1,1,0,0,0
132,1,-7,-2,-1,1,0,0,0
133,1,-7,-2,0,1,0,0,0
134,1,-6,-1,0,0,0,0,0
135,2,-4,-1,0,0,0,0,0
136,2,-3,-1,0,0,0,0,2
137,2,-2,-1,0,-1,0,0,3
138,1,-1,-1,-1,-2,0,0,4
139,0,0,0,-1,-2,0,0,4
140,-1,1,0,-1,-1,0,-1,1
141,-2,3,0,-1,0,0,-1,-2
142,-2,4,1,0,0,0,-1,-4
143,-2,5,1,0,0,0,-1,-5
144,-1,5,1,0,0,0,-1,-2
145,0,5,1,0,0,0,0,1
146,0,5,0,0,0,0,0,4
147,0,4,0,0,0,0,0,5
148,0,3,0,0,0,0,0,5
149,-1,2,0,0,0,0,0,4
150,-2,0,0,0,0,-1,0,2
151,-2,-2,0,-1,0,-1,0,2
152,-2,-3,-1,-1,0,-1,0,2
153,-1,-4,-1,-1,0,-1,0,3
154,0,-3,-1,-1,0,-1,0,3
155,0,-1,-1,-1,0,-2,-1,4
156,0,0,-1,-1,0,-2,-1,4
157,0,1,-1,-1,0,-2,-1,4
158,0,2,-1,-1,0,-2,-1,3
159,-1,1,-1,-1,0,-2,0,2
160,0,1,-1,0,0,-1,0,1
161,0,1,0,0,0,0,0,0
162,0,2,0,0,0,0,0,0
163,0,3,0,0,1,0,0,0
164,-3,2,0,0,1,0,0,1
165,-6,0,0,0,1,0,0,3
166,-11,-2,-1,0,0,0,-1,4
167,-13,-4,-1,0,0,0,-1,4
168,-14,-5,-2,0,0,0,-1,4
169,-11,-4,-2,-1,0,0,0,3
170,-7,-4,-2,-1,-1,0,0,1
171,-2,-3,-2,-2,-1,0,0,0
172,0,-4,-2,-1,-1,0,-1,-1
173,0,-5,-1,-1,-1,-1,-1,-3
174,0,-7,-1,0,-2,-1,-2,-4
175,0,-8,-1,0,-2,-1,-2,-4
176,0,-8,-1,-1,-2,-1,-2,-2
177,0,-6,-1,-1,-3,-1,-2,0
178,0,-4,-1,-2,-3,-1,-2,1
179,0,-3,-1,-2,-3,-1,-2,1
180,0,-1,0,-1,-3,0,-2,0
181,0,0,0,0,-2,0,-1,0
182,0,1,0,0,-1,0,-1,0
183,2,2,0,0,-1,0,-1,0
184,5,4,0,0,-1,0,-1,0
185,7,6,0,0,-1,0,-1,0
186,8,6,0,0,-1,-1,-2,0
187,7,5,-1,0,-1,-1,-2,-1
188,3,3,-1,0,-1,0,-1,-2
189,0,1,-1,0,0,0,0,-4
190,-2,-1,-1,0,0,0,0,-5
191,-2,-3,-1,0,0,0,0,-7
192,0,-4,-1,0,0,0,-1,-8
193,3,-6,-1,0,0,-1,-2,-9
194,4,-7,-1,0,0,-1,-2,-8
195,4,-7,-1,0,0,-1,-2,-5
196,4,-7,-1,0,0,-1,-1,0
197,4,-6,-1,0,0,-1,0,3
198,3,-5,0,0,0,-1,1,7
199,2,-4,0,0,0,-1,1,8
200,1,-2,0,0,0,-1,1,8
201,-1,-1,0,-1,0,-1,0,7
202,-4,0,0,-1,0,0,-1,4
203,-5,0,0,-1,-1,0,-2,2
204,-4,0,0,-1,0,-1,-2,0
205,0,0,0,-1,0,-1,-2,0
206,3,0,0,0,0,-1,0,0
207,5,-1,0,0,0,-1,0,1
208,6,-2,-1,1,0,-1,1,1
209,4,-2,-1,1,0,-1,1,0
210,2,-2,-2,0,0,0,0,0
211,0,-2,-2,0,0,0,0,0
212,0,-2,-2,0,0,0,0,0
213,2,-2,-2,0,0,0,0,0
214,4,-2,-2,0,0,0,0,0
215,5,-2,-2,0,1,0,0,-1
216,6,-1,-2,0,1,0,0,-1
217,6,-1,-2,1,1,0,0,-1
218,6,0,-1,1,1,0,0,-1
219,6,0,-1,1,1,0,0,-1
220,6,1,0,1,0,0,0,-1
221,5,1,0,0,0,0,0,-2
222,4,1,0,0,0,0,0,-4
223,3,0,0,0,-1,0,0,-7
224,2,0,0,0,-1,0,0,-10
225,1,0,-1,0,-1,0,0,-11
226,0,0,0,0,-1,0,0,-10
227,0,1,0,0,-1,0,0,-8
228,0,3,0,0,-1,0,0,-5
229,0,6,0,0,-1,0,0,-3
230,0,8,0,0,-1,0,0,-1
231,1,10,0,0,-1,0,-1,0
232,3,8,0,0,-1,-1,-1,1
233,3,4,-1,-1,-2,-1,-1,3
234,2,0,-2,-1,-2,-1,-1,5
235,0,-4,-2,-1,-2,0,0,6
236,-2,-6,-2,-1,-1,0,0,5
237,-4,-7,-1,-1,-1,0,0,3
238,-6,-6,-1,-1,-1,0,0,0
239,-7,-5,0,-1,-1,0,-1,0
240,-7,-2,0,-1,-1,0,-1,0
241,-5,0,1,-1,-1,0,-1,0
242,-3,3,1,0,-2,0,-1,2
243,-2,5,1,0,-2,0,-1,4
244,-2,3,1,0,-2,-1,-2,4
245,-3,0,0,-1,-2,-1,-2,3
246,-6,-2,-1,-2,-2,-1,-3,1
247,-9,-4,-1,-2,-2,-2,-3,-1
248,-13,-6,-2,-2,-2,-2,-2,-3
249,-15,-7,-3,-2,-2,-2,-2,-4
250,-15,-7,-2,-2,-2,-1,-2,-4
251,-12,-6,-2,-1,-1,-1,-1,-4
252,-7,-5,-2,0,0,0,0,-4
253,-1,-5,-1,0,0,0,0,-2
254,4,-4,-1,0,0,0,0,0
255,9,-2,-1,0,0,0,0,1
256,12,-1,-1,0,0,0,0,2
257,14,0,0,0,0,0,0,3
258,15,2,0,1,0,0,0,3
259,14,3,0,1,0,-1,0,1
260,11,2,0,0,0,-1,0,0
261,6,2,0,0,0,-1,0,-2
262,2,1,0,0,0,-1,-1,-4
263,-1,1,0,0,0,-1,-1,-4
264,-3,1,0,-1,0,-1,-2,-3
265,-4,1,0,-1,0,-1,-2,-1
266,-3,1,-1,-2,0,-1,-2,0
267,-2,0,-2,-2,-1,-1,-1,1
268,-2,0,-2,-2,-1,-1,0,3
269,-3,-1,-2,-2,-1,-1,0,3
270,-5,-2,-2,-1,-1,-1,0,2
271,-6,-3,-2,-1,0,0,0,2
272,-5,-3,-1,-1,0,0,0,3
273,-1,-3,-1,0,0,-1,0,5
274,3,-2,0,0,0,-1,0,7
275,7,-1,0,0,0,-1,0,9
276,9,0,0,0,0,-1,0,10
277,11,1,0,0,0,0,0,10
278,11,2,0,0,0,0,-1,9
279,11,2,0,0,0,0,-1,7
280,8,2,0,0,0,0,-1,4
281,4,2,0,0,0,0,-1,1
282,-1,2,0,0,-1,0,-1,-2
283,-8,2,0,0,-1,0,-1,-5
284,-13,2,0,0,-1,0,-1,-7
285,-14,3,0,0,-2,0,-1,-9
286,-11,5,0,0,-2,0,0,-11
287,-6,6,0,-1,-2,0,0,-12
288,-1,7,0,-1,-2,0,0,-13
289,2,6,-1,-1,-3,0,0,-11
290,4,5,-2,-2,-3,0,0,-7
291,5,3,-2,-2,-2,0,0,-3
292,6,2,-2,-1,-2,0,0,0
293,5,2,-1,-1,-1,0,0,2
294,4,2,0,0,0,0,0,2
295,3,2,0,0,0,0,0,2
296,1,1,0,0,0,0,0,1
297,0,0,0,0,0,0,0,0
298,-1,0,0,0,0,0,0,0
299,-1,-2,0,0,0,0,0,-1
300,-1,-3,-1,0,0,0,0,-1
301,0,-3,-1,0,-1,0,-1,-2
302,1,-3,-1,-1,-2,-1,-2,-2
303,1,-3,-1,-2,-3,-1,-3,-1
304,2,-3,-1,-2,-3,-1,-3,0
305,3,-2,-1,-2,-3,-1,-2,1
306,5,-1,0,-2,-2,-1,-1,2
307,8,0,0,-2,-1,0,-1,2
308,9,0,0,-2,0,0,0,1
309,10,0,0,-1,0,0,0,0
310,9,0,0,0,1,0,0,-1
311,7,0,0,0,1,0,1,-3
312,5,0,0,0,0,0,1,-4
313,4,0,0,0,0,0,1,-3
314,3,0,0,0,0,0,1,-2
315,1,0,-1,0,-1,-1,0,-1
316,0,0,-1,0,0,-1,0,0
317,-3,-1,-1,-1,0,-1,-1,0
318,-5,-2,0,-1,0,-1,-1,-2
319,-6,-2,0,-1,0,-1,-1,-4
320,-6,-3,-1,-1,0,-1,-1,-5
321,-2,-4,-1,-1,0,0,0,-5
322,1,-5,-1,-1,0,0,0,-4
323,5,-4,-1,-1,0,0,0,-3
324,6,-3,-1,0,0,0,0,-1
325,6,-1,0,0,0,0,0,0
326,4,0,0,0,0,0,0,3
327,3,0,0,0,0,0,0,6
328,2,0,0,0,0,0,0,8
329,1,0,0,0,0,0,0,9
330,0,0,0,0,0,0,0,6
331,-1,0,0,0,0,0,0,2
332,-2,0,0,0,0,0,0,0
333,-3,0,0,0,0,0,0,-2
334,-3,-1,0,0,1,0,1,-2
335,-3,-1,0,1,2,0,1,-2
336,-2,-3,0,2,3,0,1,-1
337,-2,-5,0,1,3,0,1,-1
338,-2,-8,0,1,2,0,1,-1
339,-3,-10,-1,0,1,0,0,0
340,-3,-12,-1,0,0,0,0,0
341,-2,-12,-1,0,0,0,0,0
342,-1,-11,-1,0,0,-1,-1,2
343,0,-9,-1,0,0,-1,-1,4
344,1,-8,-1,0,0,-1,-2,6
345,3,-6,-2,0,0,-1,-1,6
346,3,-3,-2,0,0,-1,-1,5
347,1,0,-2,0,0,-1,-1,3
348,-2,1,-2,0,0,-1,-1,1
349,-5,2,-2,0,-1,-1,-1,0
350,-8,2,-2,0,-1,-1,-1,-1
351,-8,2,-2,0,-1,-1,-1,-1
352,-8,1,-2,0,-1,-1,0,-1
353,-7,0,-2,0,0,-1,0,0
354,-7,-1,-2,-1,0,-1,0,0
355,-7,-1,-2,-1,0,-1,-1,0
356,-8,-1,-2,-1,-1,-1,-1,0
357,-9,-1,-2,-2,-1,-1,-1,0
358,-10,-1,-1,-2,-2,0,-1,0
359,-10,-1,-1,-2,-2,0,-1,1
360,-8,-2,-1,-1,-1,0,-1,2
361,-5,-2,-1,-1,-1,0,-1,3
362,-2,-2,-1,-1,-1,0,-1,1
363,0,-3,-1,-1,-1,-1,-1,-2
364,0,-4,-1,-1,-1,-1,-1,-7
365,1,-4,-1,-2,-1,-1,-1,-12
366,3,-4,-1,-3,-1,-1,-1,-13
367,5,-4,-1,-3,-1,-1,0,-9
368,7,-4,-1,-3,-1,0,0,-3
369,9,-4,-1,-3,0,0,1,2
370,9,-3,-1,-3,0,0,1,6
371,8,-2,-1,-2,0,0,0,7
372,6,-1,-1,-1,-1,-1,0,6
373,3,-1,-1,-1,-1,-1,0,4
374,2,-2,-1,0,-1,-1,0,2
375,0,-3,-1,0,-2,-1,0,0
376,0,-3,-1,-1,-2,-1,0,-2
377,-1,-3,-1,-1,-2,0,0,-4
378,-4,-3,-1,-1,-3,0,0,-6
379,-7,-3,-1,-1,-3,0,0,-7
380,-8,-2,0,-1,-3,0,0,-6
381,-7,-2,0,-1,-2,1,0,-4
382,-6,-2,0,0,0,1,0,-2
383,-5,-1,0,0,0,1,0,-1
384,-4,0,-1,0,0,1,0,-2
385,-4,0,-1,-1,0,0,0,-3
386,-2,0,-2,-2,-1,0,0,-5
387,0,-1,-2,-2,-2,0,0,-6
388,0,-1,-2,-3,-3,0,0,-6
389,1,-2,-2,-3,-3,0,0,-6
390,2,-1,-1,-3,-4,-1,0,-5
391,3,0,-1,-3,-3,-1,0,-4
392,5,2,0,-2,-3,-1,-2,-3
393,8,4,0,-1,-2,0,-3,-3
394,10,5,0,-1,-1,0,-3,-2
395,13,6,0,0,0,0,-3,-2
396,14,5,0,0,0,0,-1,0
397,14,4,0,0,1,0,0,2
398,12,2,0,1,1,0,0,5
399,8,0,0,2,2,0,0,8
400,4,-2,0,2,2,0,0,8
401,0,-4,0,2,2,0,0,7
402,-2,-4,0,2,2,0,0,3
403,-5,-3,1,2,2,0,-1,-2
404,-6,-2,1,2,2,0,-1,-6
405,-7,-2,1,2,2,0,-2,-8
406,-8,-1,0,1,2,0,-2,-8
407,-7,0,0,1,1,0,-1,-6
408,-6,0,0,0,0,0,-1,-5
409,-6,0,0,0,0,0,0,-5
410,-7,-1,0,-1,0,0,0,-6
411,-7,-1,0,-2,-1,0,1,-6
412,-6,-2,-1,-2,-1,0,1,-6
413,-4,-2,-1,-2,-2,0,1,-4
414,-1,-2,-1,-3,-2,-1,1,-2
415,0,-3,-1,-3,-3,-1,1,0
416,-1,-3,-1,-2,-3,-1,0,1
417,-4,-4,-1,-2,-2,-1,0,3
418,-8,-4,-1,-1,-1,-1,0,5
419,-12,-2,0,-1,-1,0,-1,5
420,-15,0,0,0,-1,0,-2,4
421,-14,3,0,0,-1,0,-2,2
422,-9,7,1,0,0,0,-2,0
423,-2,12,1,1,0,0,-2,-2
424,3,14,1,1,0,0,-2,-4
425,7,14,1,1,0,0,-2,-5
426,7,10,0,1,0,0,-1,-5
427,6,5,0,0,0,0,-1,-5
428,3,1,0,0,0,-1,-2,-6
429,1,0,0,-1,-1,-1,-2,-8
430,-1,-1,0,-3,-2,-2,-2,-10
431,-2,0,0,-3,-2,-2,-3,-11
432,-2,-1,-1,-4,-2,-3,-2,-11
433,-1,-2,-1,-3,-2,-2,-2,-8
434,0,-3,-1,-2,-2,-2,-1,-5
435,0,-4,-1,-1,-2,-2,-1,-2
436,0,-5,-1,-1,-3,-2,0,0
437,0,-5,-1,-1,-3,-1,0,1
438,0,-5,-1,0,-2,0,0,2
439,-1,-4,0,0,-1,0,0,2
440,0,-4,0,0,0,1,1,3
441,0,-3,0,0,0,1,1,4
442,1,-4,0,0,0,1,1,3
443,2,-4,-1,0,0,1,1,3
444,3,-4,-1,0,0,0,1,2
445,4,-4,-1,0,0,0,1,2
446,4,-3,-1,-1,0,0,0,2
447,4,-2,0,-1,-1,0,0,3
448,5,-1,-1,-2,-1,0,0,5
449,5,0,-1,-2,-1,0,0,7
450,5,0,-1,-1,-1,0,0,8
451,5,1,-1,-1,-1,0,-1,9
452,3,1,-1,-1,-1,0,-2,8
453,1,1,-2,-1,-1,-1,-3,7
454,0,0,-2,-1,-1,-1,-4,5
455,-4,0,-2,-1,-1,-1,-4,4
456,-9,0,-1,-1,-1,-1,-4,2
457,-12,0,-1,0,0,-1,-3,0
458,-13,-2,-1,0,0,-1,-2,0
459,-12,-5,-1,-1,0,0,0,0
460,-11,-9,-2,-1,-1,0,0,-1
461,-10,-11,-2,-1,-1,0,1,-1
462,-9,-11,-3,-1,-1,0,1,-1
463,-9,-10,-2,0,0,0,0,-2
464,-9,-7,-2,0,0,0,0,-2
465,-7,-4,-1,0,0,0,0,-2
466,-4,-2,-1,0,0,0,0,-2
467,-2,0,0,0,0,0,0,-2
468,0,0,0,0,0,0,0,-2
469,1,0,0,0,-1,0,0,-2
470,2,0,0,0,-1,0,0,-2
471,2,0,-1,0,-1,0,0,-1
472,3,0,-1,0,0,0,0,0
473,2,0,0,0,0,0,0,0
474,0,0,0,-1,0,0,0,1
475,-1,0,0,-1,0,0,0,1
476,-2,1,0,-1,0,0,0,0
477,-2,1,0,-2,-1,0,0,-2
478,-1,1,0,-2,-2,0,0,-4
479,1,2,-1,-2,-3,0,0,-6
480,3,2,-1,-3,-4,0,0,-6
481,4,1,-1,-2,-4,0,0,-6
482,4,0,-1,-2,-3,0,0,-4
483,3,0,-1,-1,-1,0,0,-1
484,3,-1,-1,0,0,0,0,0
485,2,-2,-1,0,0,0,0,3
486,2,-1,-1,0,0,0,-1,4
487,1,0,-1,0,0,-1,-2,5
488,0,1,0,0,0,-1,-2,5
489,0,3,0,0,-1,-1,-1,4
490,-1,3,0,0,-1,0,0,2
491,-2,2,0,-1,-1,0,0,0
492,-3,0,0,0,0,0,0,-1
493,-4,-2,0,0,0,-1,0,-2
494,-6,-3,-1,0,0,-1,0,-2
495,-6,-3,-1,0,1,-1,-1,-2
496,-6,-3,-1,0,0,-1,-2,-2
497,-5,-2,-1,0,0,-1,-2,-2
498,-4,-1,0,0,0,-1,-2,-2
499,-2,0,0,0,0,-1,-1,-1
500,0,-1,0,0,0,0,-1,0
501,3,-2,0,0,0,0,0,2
502,5,-3,0,0,0,0,0,3
503,6,-4,0,0,0,0,1,3
504,4,-4,-1,-1,0,0,1,2
505,1,-5,-1,-2,-1,0,1,0
506,-1,-5,-2,-2,-1,-1,1,-1
507,-4,-4,-2,-3,-1,-1,0,-5
508,-6,-3,-2,-3,-2,-1,0,-9
509,-7,-1,-2,-3,-2,-1,0,-10
510,-7,0,-2,-2,-1,-1,0,-8
511,-6,0,-1,-1,-1,0,0,-4
512,-3,0,-1,-1,0,0,0,0
513,0,0,-1,0,0,0,0,0
514,1,0,-1,0,0,0,0,0
515,1,1,0,0,0,0,0,0
516,0,3,0,0,0,0,0,0
517,0,5,0,1,0,0,0,0
518,0,6,0,1,1,0,0,-1
519,0,7,0,2,1,0,-1,-2
520,1,7,0,2,2,0,-2,-5
521,1,5,0,1,2,0,-2,-7
522,2,3,0,1,1,0,-2,-7
523,2,1,0,0,1,0,-1,-4
524,3,1,0,0,0,0,0,0
525,5,1,0,0,0,0,2,5
526,8,2,1,0,0,0,2,9
527,11,3,0,0,-1,0,2,9
528,14,3,0,-1,-1,0,2,7
529,15,2,0,-1,-1,1,1,5
530,14,1,-1,-1,-1,1,0,2
531,11,0,-1,0,-1,1,0,0
532,9,0,-1,0,0,1,0,-3
533,7,-1,-2,0,0,0,-1,-7
534,6,-2,-1,0,0,0,-1,-12
535,5,-2,-1,-1,-1,0,-1,-14
536,4,-3,-1,-1,-2,-1,-1,-14
537,1,-3,0,-2,-3,-1,-1,-11
538,0,-4,0,-1,-3,-2,-1,-6
539,-3,-5,0,-1,-3,-2,-1,-1
540,-5,-5,0,0,-2,-3,-1,2
541,-6,-6,0,0,-2,-2,-1,4
542,-6,-5,0,0,-1,-2,-1,3
543,-5,-5,0,0,0,-1,-1,1
544,-3,-4,0,0,0,0,-1,0
545,0,-3,-1,0,0,0,0,0
546,0,-3,-1,0,1,0,0,2
547,1,-2,-1,0,1,0,0,4
548,0,-2,0,0,0,0,1,7
549,0,-2,0,0,0,0,1,8
550,0,-2,0,0,0,0,1,8
551,0,-1,0,0,0,0,1,6
552,0,0,0,0,0,0,0,3
553,1,0,0,0,0,-1,0,2
554,2,1,0,0,0,-1,0,1
555,3,1,0,0,0,0,0,1
556,4,0,0,0,0,0,0,1
557,3,-1,-1,-1,0,0,0,1
558,2,-4,-3,-2,-1,0,0,0
559,0,-6,-4,-3,-2,0,0,0
560,-1,-7,-4,-3,-2,0,0,0
561,-3,-6,-4,-2,-2,0,0,2
562,-5,-4,-3,-2,-2,0,0,4
563,-7,-1,-1,-1,-2,0,0,5
564,-7,2,0,-1,-2,0,-1,4
565,-8,6,0,-1,-2,0,-2,1
566,-7,9,0,-1,-2,0,-2,-2
567,-5,10,1,-1,-1,0,-2,-5
568,-2,9,0,0,0,0,-2,-6
569,0,6,0,1,2,0,-1,-6
570,1,3,0,2,3,0,0,-6
571,0,0,0,2,4,0,0,-6
572,-2,-2,0,2,3,0,1,-6
573,-6,-4,0,1,2,-1,1,-7
574,-9,-5,0,0,0,-1,1,-8
575,-10,-6,0,0,0,-1,0,-10
576,-8,-6,0,0,0,0,0,-12
577,-6,-6,-1,-1,-1,0,0,-12
578,-3,-6,-1,-1,-1,0,-1,-10
579,0,-7,-2,-1,-1,0,-1,-7
580,1,-7,-2,-1,-1,0,-2,-3
581,4,-6,-2,-1,-1,0,-2,0
582,6,-5,-2,-1,-2,-1,-2,1
583,7,-3,-2,-2,-2,-1,-2,3
584,7,-1,-1,-2,-3,-2,-3,4
585,6,-1,-1,-2,-3,-2,-3,4
586,2,-2,0,-2,-3,-2,-3,3
587,0,-3,0,-2,-2,-2,-3,2
588,-3,-4,0,-1,-2,-1,-3,2
589,-4,-3,0,0,-1,-1,-2,1
590,-4,-3,0,0,-1,-1,-1,0
591,-4,-2,0,0,-1,-1,0,0
592,-3,-3,0,-1,-1,-1,0,0
593,-1,-4,0,-2,-2,-1,1,-2
594,0,-4,-1,-3,-3,-1,0,-3
595,0,-5,-1,-3,-3,-1,0,-3
596,0,-4,-1,-3,-3,-1,0,-3
597,0,-4,-1,-2,-2,-1,-1,-3
598,-2,-3,-1,-1,-1,-1,-3,-3
599,-4,-3,-1,0,0,-1,-3,-3
600,-4,-2,-1,0,0,-1,-3,-2
601,-1,-1,-1,1,1,-1,-2,0
602,2,0,-1,1,2,0,0,1
603,6,0,-1,1,2,0,1,2
604,9,1,-1,1,1,0,2,2
605,8,2,-1,0,1,0,3,1
606,6,1,-1,0,0,0,2,1
607,2,0,-1,0,0,0,2,1
608,0,-2,-2,0,0,0,1,1
609,-2,-4,-2,0,0,0,0,3
610,-1,-5,-2,0,0,0,0,6
611,0,-5,-2,0,0,-1,0,8
612,0,-6,-2,0,0,-1,0,10
613,0,-6,-1,-1,-1,-1,0,11
614,0,-7,-1,-1,-2,-1,0,10
615,-1,-7,-1,-2,-2,-1,0,8
616,-2,-6,0,-1,-1,-1,0,4
617,-3,-4,0,0,0,-1,0,0
618,-3,-2,0,0,0,0,0,-3
619,-3,0,0,0,1,0,0,-6
620,-4,2,0,0,1,0,0,-8
621,-4,5,0,0,0,0,0,-9
622,-3,8,1,0,0,0,0,-10
623,-2,10,1,0,0,0,-1,-9
624,-2,10,0,0,0,0,-1,-8
625,-2,9,0,0,0,0,-1,-5
626,-2,6,0,0,0,0,-1,-2
627,-2,5,0,0,0,0,-1,0
628,-1,4,0,-1,0,0,-1,2
629,0,4,0,-1,0,0,0,1
630,0,5,0,-1,0,0,0,0
631,0,4,0,-1,0,0,0,0
632,0,4,0,-1,-1,0,0,0
633,0,4,0,-1,-1,0,0,-1
634,0,4,0,-1,-1,0,0,-1
635,1,4,0,-1,-1,0,0,-2
636,1,3,0,-1,-1,0,0,-1
637,0,1,0,-1,0,0,0,-1
638,-1,0,-1,-1,0,0,0,0
639,-4,-1,-1,0,0,0,0,0
640,-8,-1,-1,0,0,0,0,-1
641,-11,0,-1,0,0,0,0,-2
642,-12,1,0,0,0,0,1,-3
643,-11,2,0,0,0,1,1,-4
644,-8,1,0,0,0,1,1,-4
645,-3,0,0,0,0,0,0,-4
646,3,-1,0,0,0,0,0,-3
647,8,-1,0,0,0,0,0,-2
648,12,-1,-1,0,0,0,0,0
649,12,0,-1,0,0,0,0,2
650,9,1,-1,0,0,0,0,3
651,5,2,-1,-1,0,0,0,4
652,0,3,-1,-1,-1,0,-1,4
653,-2,3,0,-1,0,0,-1,2
654,-4,2,0,0,0,0,0,1
655,-4,1,0,0,0,0,0,0
656,-4,0,0,0,0,0,0,-1
657,-3,0,0,0,0,0,0,-1
658,-2,0,0,0,-1,0,-1,0
659,-1,0,0,-1,-1,0,-2,0
660,0,0,0,-1,-2,-1,-2,1
661,0,-1,-1,-2,-2,-2,-2,3
662,0,-2,-2,-2,-3,-2,-2,3
663,0,-3,-2,-1,-3,-2,-2,3
664,0,-3,-1,-1,-2,-2,-1,2
665,0,-2,-1,-1,-2,-1,-1,0
666,-1,-1,0,-1,-2,-1,-1,-1
667,0,0,0,0,-1,0,-2,-2
668,-1,0,0,0,-1,0,-2,-2
669,-1,0,0,0,-1,0,-3,-2
670,-2,0,0,0,-1,0,-2,-2
671,-3,-1,0,0,-1,0,-2,-3
672,-4,-2,-1,0,0,0,-1,-3
673,-5,-2,-1,0,0,0,-1,-3
674,-4,-2,-1,0,0,0,-1,-2
675,-2,-2,0,0,-1,-1,0,-1
676,-1,-2,0,-1,-1,-1,0,-1
677,0,-4,0,-1,-1,-1,0,-1
678,0,-5,-1,-1,0,-1,0,-3
679,-1,-7,-1,-1,0,-1,0,-4
680,-2,-9,-1,-1,0,-1,0,-5
681,-4,-11,-2,-1,0,-1,0,-5
682,-5,-12,-2,-1,0,-1,-1,-4
683,-5,-11,-2,-1,0,-1,-1,-2
684,-4,-10,-1,-1,-1,-1,-1,0
685,-2,-7,-1,-1,-1,-1,-1,1
686,0,-3,-1,-1,-2,-1,-1,1
687,2,0,-1,0,-1,0,-1,0
688,4,1,-1,0,-1,0,-2,-1
689,5,2,-1,0,0,0,-2,-2
690,5,2,-1,0,0,0,-1,-2
691,4,1,0,-1,0,0,-1,-3
692,3,1,0,-1,0,0,-1,-2
693,2,1,0,-1,0,0,-1,-2
694,1,2,0,-1,0,0,0,-1
695,0,2,0,0,0,-1,0,0
696,-2,2,0,0,-1,-1,0,0
697,-7,1,0,0,-1,-1,0,1
698,-11,0,0,-1,-1,-1,0,1
699,-15,-1,0,-1,-2,0,0,1
700,-18,-2,0,-1,-2,0,0,1
701,-18,-2,0,-1,-1,0,0,1
702,-17,-2,0,-1,-1,0,0,0
703,-16,-2,0,0,-1,-1,-1,0
704,-13,-2,0,0,-1,-1,-1,0
705,-10,-1,0,0,-1,-1,-1,1
706,-6,-1,-1,-1,-2,-1,-1,2
707,-2,-1,-1,-1,-2,-1,-1,3
708,1,-1,-1,-2,-3,-1,-1,4
709,4,0,-1,-3,-3,-1,-1,3
710,5,0,-1,-3,-2,-1,-1,1
711,6,0,0,-2,-2,-1,0,0
712,6,-1,0,-2,-1,0,0,-2
713,5,-2,0,-1,-1,0,0,-4
714,4,-3,0,0,0,1,0,-5
715,2,-4,0,0,0,1,1,-5
716,0,-4,0,0,0,1,1,-5
717,-3,-4,0,0,0,1,0,-3
718,-7,-4,0,0,0,0,0,-2
719,-10,-4,0,0,0,0,0,-1
720,-11,-4,0,0,0,0,0,-2
721,-11,-4,0,0,0,0,0,-3
722,-8,-5,-1,0,0,0,0,-4
723,-4,-5,-1,0,0,0,0,-6
724,0,-4,-1,0,0,0,0,-7
725,4,-3,-1,0,0,0,1,-6
726,6,-2,-1,0,0,0,1,-5
727,8,0,-1,0,0,0,1,-4
728,7,0,-1,0,0,0,0,-2
729,5,0,0,0,1,0,0,-2
730,3,-2,0,0,1,0,-1,-2
731,1,-3,0,0,0,0,-1,-2
732,0,-4,-1,0,0,0,-1,-2
733,1,-4,-1,0,0,0,0,0
734,3,-3,-1,-1,0,0,0,1
735,4,-3,-1,-1,0,0,0,3
736,4,-2,-2,-2,-1,0,0,3
737,4,-2,-2,-2,-2,0,0,2
738,3,-2,-2,-2,-3,0,0,0
739,2,-2,-2,-2,-3,-1,-1,0
740,1,-1,-1,-2,-3,-1,-1,0
741,1,0,-1,-2,-3,-1,-2,0
742,0,0,-1,-1,-2,-1,-2,1
743,0,0,-1,-1,-1,-1,-2,2
744,1,0,0,-1,0,-1,-2,2
745,2,1,0,0,0,0,-2,2
746,4,4,0,0,0,0,-1,1
747,4,5,0,0,0,0,-1,0
748,4,5,0,0,0,0,0,0
749,2,2,0,0,0,0,-1,-2
750,0,0,0,0,0,-1,-1,-3
751,-1,-4,-1,0,0,-1,-1,-3
752,-3,-6,-1,0,0,0,-1,-3
753,-4,-7,0,0,1,0,-1,-2
754,-5,-6,0,0,1,0,0,-3
755,-4,-5,0,0,2,0,0,-3
756,-3,-4,0,0,1,0,0,-3
757,0,-2,0,0,1,0,0,-2
758,2,0,0,0,1,0,0,-2
759,3,1,-1,0,1,0,0,-1
760,3,3,-1,0,1,0,1,-1
761,2,3,-1,0,1,0,1,0
762,1,2,-1,0,0,0,2,0
763,0,0,-1,0,0,0,2,0
764,-1,-3,-1,-1,-1,0,1,-1
765,-3,-4,-1,-1,-2,0,0,-3
766,-4,-4,-1,-1,-2,0,0,-6
767,-6,-3,-1,-1,-2,-1,-1,-8
768,-6,-2,-1,-1,-2,-1,-1,-9
769,-6,-1,-1,-1,-2,-1,-2,-9
770,-5,0,0,-1,-3,-1,-2,-7
771,-4,1,0,-1,-3,-1,-2,-5
772,-3,3,0,-2,-4,-1,-1,-3
773,-2,5,0,-2,-4,-1,-1,-1
774,-2,6,0,-3,-4,0,0,0
775,-3,5,0,-2,-4,0,0,0
776,-3,3,0,-2,-3,0,0,0
777,-3,0,0,-2,-2,0,0,2
778,-2,-2,-1,-1,-1,0,0,2
779,-1,-3,-1,-1,-1,0,0,1
780,0,-3,0,-1,-1,0,0,0
781,0,-2,0,-1,0,0,0,-2
782,0,-2,0,-1,-1,0,0,-3
783,0,-2,0,-1,-1,0,0,-2
784,1,-1,-1,-1,-2,0,0,0
785,1,-1,-1,-1,-2,-1,-1,2
786,1,-1,-1,-1,-2,-1,-2,3
787,1,-1,-2,-1,-1,-1,-2,1
788,1,-3,-2,0,-1,-1,-3,-3
789,1,-5,-2,0,0,-1,-2,-8
790,2,-6,-2,0,0,-1,-2,-10
791,2,-5,-2,0,0,0,-2,-9
792,3,-4,-1,0,0,0,-1,-5
793,4,-1,-1,0,0,0,-2,-1
794,3,0,-1,0,0,0,-2,2
795,2,0,0,0,0,-1,-2,4
796,1,0,0,0,0,-1,-2,4
797,0,-1,0,0,0,-1,-2,3
798,0,-2,0,0,0,-1,-1,2
799,-1,-2,0,0,0,0,-1,3
800,-1,-1,0,0,0,0,-1,4
801,0,-1,0,0,0,0,-1,5
802,0,0,0,0,0,0,0,5
803,0,0,0,0,0,0,0,4
804,-1,-1,0,0,0,0,0,2
805,-4,-1,0,0,0,0,0,0
806,-9,-1,0,0,0,0,0,-2
807,-14,-1,0,0,0,0,0,-4
808,-17,-2,0,0,0,0,0,-5
809,-15,-2,-1,0,-1,0,0,-5
810,-10,-2,-1,0,-1,0,0,-4
811,-3,-2,-1,0,-1,0,0,-1
812,3,-1,-1,-1,-2,0,1,1
813,9,0,-1,-1,-1,0,1,6
814,14,1,0,-1,-1,0,2,11
815,15,3,0,-1,-1,0,1,13
816,14,3,0,-1,-1,0,1,11
817,12,2,0,-1,0,-1,0,7
818,10,2,0,0,0,-1,0,1
819,8,1,0,0,0,-1,0,-2
820,7,1,0,0,-1,-1,0,-5
821,7,1,0,-1,-1,-1,0,-5
822,7,2,0,-1,-1,-1,-1,-3
823,7,3,0,-2,-2,-1,-1,-2
824,5,4,0,-2,-2,-1,-2,-1
825,2,4,0,-2,-2,-1,-3,-3
826,-2,3,0,-1,-2,-1,-4,-5
827,-8,0,0,-1,-2,-1,-4,-7
828,-13,-2,0,0,-1,-1,-4,-8
829,-16,-4,0,0,0,0,-3,-8
830,-15,-5,0,0,0,0,-2,-7
831,-10,-4,0,0,1,0,0,-5
832,-2,-2,0,0,0,0,0,-3
833,4,0,0,0,0,0,1,-2
834,9,1,0,-1,0,0,2,-2
835,11,1,0,-2,-1,0,2,-2
836,11,1,-1,-2,-2,0,2,-2
837,10,2,-1,-3,-3,-1,1,-4
838,10,2,-1,-3,-4,-1,0,-5
839,9,3,-1,-3,-4,-1,0,-6
840,9,2,0,-2,-4,-1,0,-6
841,9,2,0,-2,-3,0,0,-4
842,10,2,0,-1,-2,0,0,-2
843,10,1,0,-1,-1,0,0,0
844,10,1,0,0,0,0,0,1
845,8,0,0,0,0,0,0,1
846,4,0,-1,0,0,0,0,0
847,0,0,-1,0,0,0,0,-1
848,-4,-2,-1,0,0,0,1,-3
849,-6,-3,0,-1,0,0,1,-5
850,-5,-4,0,-1,0,0,1,-6
851,-3,-3,-1,-1,0,0,0,-6
852,0,-2,-1,-1,0,0,0,-3
853,3,0,-1,0,0,0,0,0
854,5,2,-1,0,0,0,0,3
855,6,3,-1,0,0,0,0,6
856,6,3,-1,0,0,0,0,6
857,5,2,-1,0,0,0,0,5
858,4,0,-1,0,0,0,0,3
859,4,-1,-1,1,1,0,1,2
860,3,-3,-1,1,1,0,1,2
861,3,-4,-1,2,1,0,1,3
862,3,-5,-1,1,1,0,1,5
863,4,-5,-1,1,1,-1,0,7
864,4,-6,-2,0,0,-1,0,9
865,3,-6,-2,0,0,-2,-1,10
866,1,-6,-2,0,0,-2,-1,10
867,0,-6,-1,0,0,-2,-2,8
868,-3,-5,-1,-1,-1,-1,-1,6
869,-5,-4,0,-1,-1,-1,-1,3
870,-7,-2,0,-2,-1,0,-1,0
871,-10,-1,0,-2,-1,0,0,-5
872,-13,-1,0,-2,-1,0,0,-10
873,-15,-1,0,-2,-1,0,0,-16
874,-17,-1,0,-2,-1,0,0,-19
875,-17,0,0,-1,-1,0,-1,-19
876,-15,1,0,-1,-1,0,-1,-17
877,-12,4,0,-1,-1,0,-1,-13
878,-9,6,0,-1,-1,-1,-2,-8
879,-7,7,0,-1,-1,-1,-3,-5
880,-6,6,-1,-1,-1,-2,-5,-3
881,-5,4,-1,-1,-2,-2,-6,-1
882,-3,2,-2,-2,-3,-2,-6,0
883,-1,0,-2,-2,-3,-2,-4,2
884,0,-1,-2,-3,-4,-1,-2,3
885,2,-3,-2,-3,-4,-1,0,5
886,3,-3,-2,-3,-3,-1,1,6
887,3,-3,-1,-2,-2,-1,1,8
888,3,-3,0,0,-1,-1,0,9
889,4,-3,0,0,0,-1,0,10
890,6,-3,0,1,0,-1,0,9
891,8,-3,0,1,1,-1,0,8
892,11,-3,0,1,1,0,0,5
893,11,-2,0,0,1,0,0,2
894,10,-1,0,0,0,0,1,0
895,7,0,0,0,0,0,1,-1
896,4,0,0,0,0,0,1,-2
897,2,0,0,0,0,0,1,-2
898,1,0,-1,-1,-1,0,0,-2
899,1,-1,-1,-1,-2,0,0,-1
900,0,-1,-1,-1,-2,0,0,0
901,-2,-1,0,0,-1,0,-1,0
902,-7,0,0,0,0,0,-1,0
903,-13,0,0,0,0,0,-1,0
904,-19,1,0,0,0,0,-1,-1
905,-23,2,0,0,0,0,-1,-2
906,-25,3,0,0,0,0,-1,-2
907,-22,3,0,0,0,0,-1,0
908,-16,2,0,0,0,0,-1,2
909,-9,2,0,0,0,0,0,5
910,-2,1,0,0,0,0,0,7
911,0,1,0,0,0,0,0,6
912,2,1,0,0,0,0,0,2
913,1,0,0,-1,0,0,0,-1
914,0,0,0,-1,0,0,0,-5
915,-2,-2,0,-1,0,0,0,-8
916,-4,-5,0,-2,0,0,0,-9
917,-6,-7,-1,-2,0,0,0,-10
918,-8,-8,-1,-1,0,0,0,-12
919,-9,-10,-2,-1,-1,0,-1,-13
920,-10,-10,-2,0,-1,0,-1,-14
921,-10,-9,-2,0,-1,0,-1,-13
922,-7,-8,-1,0,-1,-1,-1,-11
923,-3,-5,-1,0,0,-1,-1,-7
924,0,-3,0,1,0,-1,0,-2
925,4,-1,0,1,0,-1,0,0
926,6,0,0,1,0,-1,0,2
927,4,1,0,1,0,0,0,4
928,0,2,0,1,0,0,0,4
929,-4,2,0,1,0,0,0,4
930,-8,3,0,0,0,0,-1,3
931,-8,2,0,0,0,0,-1,2
932,-6,1,0,0,0,0,-1,0
933,-2,0,0,-1,-1,0,-1,-1
934,0,0,-1,-1,-1,0,-1,-1
935,2,0,-1,-2,-1,0,0,0
936,4,0,-1,-2,-1,0,1,2
937,5,1,-1,-2,-2,0,1,3
938,6,0,-2,-2,-1,0,1,4
939,7,0,-2,-2,-1,0,0,4
940,7,-1,-3,-2,-1,0,0,4
941,6,-2,-3,-2,0,0,0,4
942,4,-1,-2,-1,0,0,0,4
943,2,0,-1,0,0,0,0,2
944,1,0,0,0,0,0,0,0
945,0,1,0,0,0,0,0,-2
946,0,2,0,0,1,0,-1,-6
947,2,4,0,1,1,0,-1,-8
948,6,4,0,0,1,0,-2,-9
949,10,5,0,0,0,0,-2,-8
950,14,5,0,0,0,0,-2,-6
951,16,5,0,0,0,0,-2,-5
952,16,5,0,0,0,0,-1,-4
953,14,3,0,0,0,0,-1,-4
954,9,1,0,0,0,0,0,-3
955,2,-1,0,-1,0,0,0,-2
956,-4,-4,-1,-1,0,0,0,0
957,-9,-7,-2,-2,0,0,0,0
958,-13,-8,-2,-2,0,0,1,1
959,-17,-7,-2,-3,0,0,1,0
960,-20,-5,-2,-3,-1,0,2,0
961,-23,-3,-2,-4,-2,0,3,-1
962,-24,0,-2,-4,-2,-1,3,-2
963,-24,0,-2,-4,-3,-1,3,-2
964,-22,0,-2,-3,-3,-1,3,-1
965,-17,0,-2,-3,-3,-1,2,0
966,-12,0,-2,-2,-2,-1,0,2
967,-7,0,-2,-1,-2,-1,-1,4
968,-3,0,-2,0,-2,-1,-2,4
969,-1,0,-1,0,-2,-1,-2,2
970,0,2,-1,0,-1,-1,-2,-2
971,2,3,0,0,-1,-1,-2,-8
972,3,4,0,0,0,-1,-2,-11
973,4,4,0,0,0,-1,-2,-11
974,6,2,0,0,-1,-1,-2,-7
975,7,0,0,0,-1,-1,-2,-2
976,9,-1,0,0,-1,-1,-1,2
977,12,-2,-1,0,-2,-1,-1,5
978,13,-1,-1,0,-2,-1,-1,6
979,14,0,-1,-1,-2,-1,-1,6
980,13,1,-1,-1,-2,-1,-1,5
981,12,2,-1,-1,-2,-1,-1,6
982,11,2,-1,-1,-2,0,0,7
983,9,2,-1,-1,-2,0,0,8
984,6,2,-1,-1,-2,0,0,8
985,3,2,0,-1,-1,0,0,7
986,0,1,0,-1,-1,0,0,5
987,-2,1,0,-1,-1,0,0,3
988,-5,0,0,-2,-1,0,0,2
989,-5,0,0,-2,-1,0,0,2
990,-4,-3,0,-3,-2,-1,0,1
991,-1,-5,0,-3,-3,-1,-1,1
992,1,-8,-1,-3,-4,-2,-1,2
993,4,-10,-2,-3,-4,-3,-2,2
994,6,-11,-2,-3,-4,-3,-2,3
995,6,-11,-2,-3,-3,-2,-1,4
996,6,-9,-1,-2,-2,-2,-1,4
997,5,-7,-1,-1,-1,-1,-1,4
998,4,-5,-1,0,0,0,0,3
999,3,-3,0,0,0,0,0,1
1000,1,-2,0,-1,0,0,0,0
1001,0,-1,0,-1,0,0,1,-1
1002,-1,0,0,-1,0,0,1,-1
1003,-4,0,0,-1,0,0,1,-1
1004,-5,1,0,-1,0,0,1,0
1005,-5,2,0,-1,0,0,1,2
1006,-3,2,0,0,0,0,1,5
1007,0,2,0,0,0,0,1,8
1008,3,2,0,0,1,0,1,11
1009,6,0,0,0,0,0,1,11
1010,8,-1,0,0,0,0,0,10
1011,9,-4,-1,0,0,0,0,7
1012,8,-6,-1,0,-1,-1,0,3
1013,6,-7,-2,0,-2,-1,0,0
1014,2,-8,-2,-1,-2,-2,-1,-3
1015,-1,-7,-2,-1,-2,-2,-2,-6
1016,-3,-6,-2,-1,-1,-2,-2,-7
1017,-4,-4,-1,-1,-1,-2,-2,-7
1018,-3,-2,-1,-1,0,-1,-2,-6
1019,-2,-1,0,-1,0,-1,-2,-6
1020,-1,0,0,-1,0,-1,-1,-5
1021,0,1,0,-1,-1,0,-1,-5
1022,0,2,0,-1,-1,0,0,-5
1023,-1,3,0,-1,-1,0,0,-4
1024,-3,3,0,0,-1,0,0,-3
1025,-5,2,0,0,-1,0,-1,-2
1026,-6,0,0,0,-1,0,-1,-1
1027,-7,-1,0,0,-1,0,-2,0
1028,-7,-3,-1,-1,0,0,-3,1
1029,-7,-4,-1,-1,0,0,-3,2
1030,-6,-4,-1,-1,0,0,-3,2
1031,-5,-3,-1,-1,0,0,-2,1
1032,-3,-2,0,-1,0,0,-1,0
1033,-2,-1,0,-1,0,-1,-1,0
1034,-1,-1,-1,-1,-1,-2,0,0
1035,-2,-1,-1,-1,-1,-2,0,0
1036,-4,-2,-1,-1,0,-2,0,0
1037,-6,-3,-1,-1,0,-2,0,2
1038,-8,-3,-1,-1,0,-1,0,2
1039,-9,-3,-1,-1,0,0,0,2
1040,-9,-1,-1,-1,0,0,0,2
1041,-9,1,0,-2,0,0,0,2
1042,-10,4,0,-2,0,0,-1,2
1043,-12,7,0,-1,0,0,-2,5
1044,-15,8,0,-1,0,-1,-2,8
1045,-19,7,0,0,0,-2,-3,12
1046,-20,5,0,0,0,-2,-3,14
1047,-19,3,0,0,0,-2,-3,14
1048,-15,1,0,0,0,-2,-2,11
1049,-9,0,0,0,0,-1,0,7
1050,-2,-2,0,0,0,0,1,3
1051,3,-3,0,1,0,0,2,0
1052,7,-2,0,1,1,0,2,-3
1053,10,0,0,2,1,0,1,-5
1054,13,3,0,2,1,0,0,-6
1055,15,6,0,2,0,0,0,-6
1056,15,9,0,1,0,0,-2,-5
1057,10,9,0,0,-1,-1,-3,-3
1058,3,6,0,0,-2,-1,-4,-1
1059,-5,1,-1,-1,-3,-1,-4,1
1060,-12,-1,-1,-2,-3,-1,-4,2
1061,-15,-4,-1,-2,-3,-1,-3,1
1062,-13,-5,-1,-2,-3,-1,-2,0
1063,-9,-4,-1,-1,-3,-1,-1,-3
1064,-4,-4,0,-1,-2,-1,0,-5
1065,0,-3,0,0,-1,-1,0,-4
1066,3,-2,0,0,-1,-1,0,-3
1067,5,-2,0,0,-1,-1,0,-1
1068,7,-1,0,0,0,-1,0,-1
1069,8,-1,0,0,0,-1,0,-2
1070,8,-3,0,0,0,0,-1,-4
1071,7,-5,-1,0,0,0,-1,-5
1072,7,-9,-1,0,0,0,-1,-6
1073,5,-11,-1,0,0,0,-1,-5
1074,2,-13,-1,-1,0,-1,-1,-3
1075,0,-12,-1,-1,-1,-1,-1,-2
1076,-4,-10,-1,-1,-1,-2,-1,0
1077,-8,-8,-1,-1,0,-2,-1,1
1078,-9,-6,-1,0,0,-2,-1,2
1079,-9,-4,0,0,0,-1,0,3
1080,-8,-2,0,0,0,-1,0,3
1081,-6,-1,0,0,0,0,0,3
1082,-2,-1,0,0,0,0,0,3
1083,2,-2,0,0,-1,-1,-1,3
1084,7,-3,0,-1,-2,-1,-1,4
1085,12,-3,-1,-1,-3,-2,-2,5
1086,15,-4,-1,-2,-4,-2,-2,4
1087,14,-5,-2,-3,-4,-1,-1,3
1088,12,-5,-3,-3,-4,-1,0,0
1089,9,-5,-3,-3,-3,0,0,-1
1090,6,-5,-3,-3,-3,0,0,-2
1091,4,-3,-2,-3,-2,0,0,-3
1092,1,-1,-1,-2,-2,0,0,-3
1093,0,0,0,-1,-1,-1,0,-1
1094,-2,1,0,-1,-1,-1,-1,1
1095,-2,1,0,-1,-1,-1,-2,4
1096,-1,1,0,-1,-1,-1,-3,6
1097,0,0,0,-1,0,-1,-3,6
1098,1,0,0,-1,0,0,-2,4
1099,1,0,0,-1,0,0,-1,2
1100,1,1,0,0,0,0,0,0
1101,0,2,0,0,0,0,0,-2
1102,0,2,0,0,0,0,0,-3
1103,-1,1,0,0,0,0,0,-4
1104,-2,1,0,0,0,0,1,-4
1105,-3,2,0,0,0,0,1,-5
1106,-5,3,0,0,0,0,1,-5
1107,-7,5,1,0,0,0,0,-5
1108,-10,8,1,0,0,0,0,-5
1109,-12,9,1,0,0,0,0,-6
1110,-12,8,1,0,0,0,0,-6
1111,-11,6,1,0,0,0,0,-6
1112,-9,3,0,0,0,0,0,-7
1113,-6,0,0,0,0,0,0,-6
1114,-3,-1,0,0,0,0,0,-5
1115,0,-2,0,0,0,0,0,-4
1116,1,-2,-1,-1,0,0,0,-2
1117,4,-2,-1,0,1,0,0,-2
1118,8,-1,-1,0,1,0,-1,-1
1119,10,0,-1,0,2,0,-1,-1
1120,12,0,-2,0,2,0,-1,0
1121,12,3,-2,0,2,0,0,0
1122,11,4,-2,0,1,0,0,1
1123,8,5,-1,0,0,0,0,0
1124,4,4,0,0,0,0,0,-1
1125,0,2,0,0,0,-1,0,-3
1126,-3,0,0,0,-1,-1,0,-5
1127,-4,-1,0,-1,-3,-2,-1,-6
1128,-3,-2,0,-3,-5,-2,-1,-5
1129,-1,-3,-1,-4,-7,-2,-2,-4
1130,0,-4,-2,-5,-7,-2,-3,-3
1131,1,-4,-2,-4,-6,-2,-3,-2
1132,1,-4,-2,-3,-4,-1,-3,-2
1133,0,-4,-1,-1,-2,-1,-2,-2
1134,0,-4,-1,0,0,0,-1,-2
1135,0,-3,0,0,0,0,0,-1
1136,-1,-2,0,0,1,0,0,0
1137,-1,-1,0,0,1,0,0,2
1138,0,-1,0,0,0,0,0,6
1139,0,0,0,0,0,0,0,10
1140,2,0,0,0,0,0,0,12
1141,3,0,0,0,0,0,0,12
1142,3,-1,0,0,0,0,0,9
1143,2,-1,0,0,0,0,0,4
1144,0,-1,0,0,-1,0,0,0
1145,-1,0,0,0,-1,0,0,-2
1146,-3,0,0,-1,-1,0,0,-4
1147,-3,2,0,-1,-1,0,0,-3
1148,-1,3,0,-1,0,0,0,-2
1149,1,3,0,0,0,0,0,0
1150,4,3,0,0,0,0,0,0
1151,4,2,0,0,0,0,0,1
1152,2,1,0,0,0,-1,0,0
1153,-2,0,0,0,0,-1,0,0
1154,-5,-1,0,0,-1,-1,-1,-2
1155,-6,-1,0,0,-1,-1,-1,-5
1156,-4,-1,0,0,0,0,-1,-6
1157,-1,-1,0,0,0,0,-1,-6
1158,1,-1,-1,0,0,0,0,-5
1159,3,-2,-1,0,0,0,0,-3
1160,3,-3,-1,0,0,0,0,-2
1161,4,-3,-1,0,0,0,0,-2
1162,5,-4,-2,0,0,0,0,-2
1163,6,-3,-2,0,0,0,0,-3
1164,6,-3,-2,0,-1,0,0,-4
1165,6,-1,-2,0,-1,0,0,-4
1166,5,0,-1,0,-1,0,0,-4
1167,5,0,-1,0,-1,0,0,-2
1168,5,0,-1,0,0,0,0,0
1169,3,0,0,0,0,0,0,0
1170,1,0,0,0,0,0,0,0
1171,-1,0,0,0,0,0,-1,0
1172,-2,0,-1,0,0,0,-2,-1
1173,0,-2,-1,-1,-1,-1,-2,-2
1174,4,-4,-2,-1,-1,-1,-3,-3
1175,9,-6,-3,-1,-1,-1,-3,-3
1176,11,-6,-3,-1,-1,-1,-3,-5
1177,9,-5,-2,0,0,-1,-3,-8
1178,4,-3,-1,0,0,-1,-2,-11
1179,0,-2,-1,0,0,-1,-1,-13
1180,-4,-1,0,0,-1,-1,0,-13
1181,-5,-1,0,-1,-1,-1,0,-9
1182,-3,0,-1,-1,-2,-1,0,-3
1183,0,0,-1,-1,-2,-1,-1,3
1184,3,2,-1,-1,-1,-1,-1,9
1185,6,5,-1,0,-1,-1,-2,12
1186,6,6,-1,0,0,-1,-2,12
1187,3,4,-1,0,0,-1,-2,9
1188,0,1,-1,0,0,0,-2,4
1189,-4,-1,-1,0,0,0,-2,0
1190,-7,-3,-1,0,1,0,-1,-2
1191,-9,-4,-1,0,1,0,-1,-1
1192,-10,-4,0,0,1,0,0,1
1193,-10,-4,0,0,1,0,0,4
1194,-9,-3,0,0,1,0,0,5
1195,-8,-2,0,0,1,0,0,4
1196,-7,-1,0,0,0,0,0,3
1197,-5,-1,0,0,0,0,0,2
1198,-4,-2,0,0,0,0,0,2
1199,-3,-3,0,0,0,-1,0,4
1200,-2,-5,0,0,0,-1,1,5
1201,-1,-5,0,0,0,-1,1,5
1202,0,-3,0,0,0,-1,1,2
1203,0,-1,0,0,0,0,1,-1
1204,0,1,-1,0,0,0,1,-4
1205,1,2,-1,-1,0,0,0,-3
1206,1,3,-1,-1,0,0,0,0
1207,1,3,-1,-1,0,-1,0,3
1208,0,1,-1,-1,-1,-1,-1,5
1209,0,0,0,0,-1,-1,-1,4
1210,1,-1,0,0,-1,0,-1,1
1211,2,-2,0,0,-1,0,-1,-2
1212,2,-2,0,0,-1,0,-1,-5
1213,1,-2,0,0,-1,0,-1,-6
1214,0,-2,0,0,-2,-1,-1,-7
1215,-1,-1,0,0,-2,-1,-1,-8
1216,-2,0,0,-1,-2,-1,-1,-7
1217,-2,0,0,-1,-2,0,-1,-6
1218,-2,0,0,-1,-2,0,0,-5
1219,-3,0,0,-2,-2,0,0,-4
1220,-3,0,0,-2,-1,0,0,-3
1221,-4,0,0,-2,-1,0,0,-4
1222,-2,0,0,-1,0,0,0,-5
1223,0,1,0,-1,0,0,0,-7
1224,3,1,0,-1,0,0,0,-8
1225,5,1,0,0,0,0,0,-9
1226,5,0,0,0,0,0,-1,-9
1227,4,0,0,0,0,0,-1,-8
1228,2,0,-1,0,0,0,-1,-7
1229,0,-1,-1,0,0,-1,-1,-6
1230,-1,-2,-1,0,0,-1,-1,-5
1231,-2,-2,-2,0,0,-1,0,-4
1232,-3,-2,-2,0,0,-1,0,-4
1233,-4,-1,-1,0,0,-1,0,-4
1234,-3,0,-1,0,0,-1,0,-3
1235,-2,0,0,0,0,0,0,-2
1236,0,0,0,0,0,0,0,-1
1237,0,0,0,0,0,0,0,-1
1238,1,1,0,-1,-1,0,0,-1
1239,1,2,0,-1,-1,0,-1,-1
1240,0,2,0,-1,-1,0,-2,-2
1241,-1,1,0,-1,-1,0,-2,-4
1242,-3,0,0,0,0,0,-2,-5
1243,-4,-2,0,0,0,0,-2,-6
1244,-4,-3,0,0,1,0,-2,-6
1245,-4,-4,0,0,2,0,-2,-7
1246,-3,-5,0,1,2,0,-1,-7
1247,-3,-5,-1,1,2,0,-1,-6
1248,-2,-6,-1,1,2,0,0,-4
1249,-2,-6,-1,1,2,0,0,-2
1250,-1,-5,-1,0,1,0,0,0
1251,0,-3,-1,0,0,-1,0,1
1252,0,0,0,0,0,-1,0,2
1253,1,1,0,0,0,-1,0,2
1254,3,2,0,0,-1,0,0,2
1255,7,3,0,0,-1,0,0,1
1256,12,3,0,0,0,0,0,1
1257,14,2,-1,0,0,0,0,1
1258,14,2,-1,0,0,0,0,1
1259,9,2,-1,0,1,0,0,1
1260,4,1,-1,0,1,0,0,1
1261,0,1,0,0,1,0,0,1
1262,-1,1,0,0,1,0,0,1
1263,-1,1,0,0,0,0,0,1
1264,0,1,0,0,0,0,0,2
1265,1,1,0,0,0,0,0,1
1266,1,0,0,0,0,-1,0,-1
1267,1,0,-1,0,0,-1,0,-3
1268,1,0,-1,0,0,-1,0,-5
1269,1,0,-1,0,-1,-1,0,-5
1270,1,-1,-1,0,-1,-1,0,-5
1271,3,-1,0,-1,-1,-1,1,-4
1272,4,-1,0,0,-1,-1,2,-3
1273,5,-1,0,0,0,0,2,-3
1274,3,-2,0,0,0,0,1,-3
1275,0,-3,0,0,0,-1,0,-4
1276,-1,-3,0,-1,-1,-1,-1,-6
1277,-2,-3,0,-2,-1,-1,-2,-8
1278,-1,-2,0,-2,-2,-1,-3,-9
1279,0,-1,0,-1,-1,-1,-3,-8
1280,1,-1,0,0,0,0,-2,-4
1281,2,-1,0,0,0,0,-1,-1
1282,1,0,0,0,0,0,-1,1
1283,-1,0,0,0,0,0,-1,2
1284,-6,1,0,0,0,0,-1,2
1285,-10,2,0,0,0,0,-1,1
1286,-13,3,0,0,0,0,-1,0
1287,-15,3,0,0,0,0,-1,0
1288,-15,2,0,0,-1,0,-1,-2
1289,-13,1,-1,-1,-1,0,-1,-3
1290,-9,1,-1,-1,-1,-1,-1,-4
1291,-3,1,-1,-2,-2,-1,-1,-5
1292,0,1,-1,-2,-2,-1,-1,-6
1293,3,3,0,-2,-2,-2,-1,-5
1294,3,4,0,-1,-2,-2,-1,-4
1295,3,5,0,-1,-1,-2,0,-2
1296,4,5,0,-1,-1,-1,0,0
1297,6,4,0,-1,-2,-1,0,1
1298,7,2,0,-2,-3,-1,0,3
1299,9,0,0,-2,-3,-1,0,5
1300,8,0,0,-1,-3,-1,0,6
1301,7,-1,0,-1,-2,-1,0,9
1302,5,-2,-1,0,-1,-1,0,11
1303,4,-1,-1,0,0,-1,0,13
1304,4,0,0,0,1,-1,1,12
1305,5,2,0,0,2,0,1,8
1306,5,3,0,0,2,0,2,4
1307,5,2,0,0,1,0,1,1
1308,5,1,-1,0,0,-1,1,0
1309,4,0,-2,0,0,-1,0,-1
1310,4,0,-2,0,-1,-1,0,-2
1311,5,0,-2,-1,-1,-1,-1,-2
1312,5,0,-1,-1,-1,-1,-1,-2
1313,5,0,0,-1,-2,-1,-1,-3
1314,5,0,0,-2,-2,-1,-1,-3
1315,4,0,0,-2,-3,-1,-1,-1
1316,3,-1,-1,-3,-3,-1,-1,1
1317,1,-4,-2,-3,-2,-2,-1,5
1318,0,-7,-2,-3,-2,-2,-1,9
1319,-2,-9,-3,-2,-1,-2,-2,12
1320,-3,-10,-3,-2,-1,-2,-1,11
1321,-3,-8,-2,-1,-1,-1,-1,8
1322,-2,-5,-2,-1,0,0,-1,4
1323,-1,-4,-1,0,0,0,-1,0
1324,0,-4,-1,0,0,0,0,-2
1325,1,-5,-1,0,0,0,0,-4
1326,2,-7,-1,0,0,0,0,-5
1327,3,-7,0,1,1,0,0,-5
1328,4,-6,0,1,1,0,0,-3
1329,6,-5,0,1,1,0,0,0
1330,6,-3,0,0,1,0,0,3
1331,4,-1,0,0,0,0,0,5
1332,0,-1,0,0,0,0,0,4
1333,-5,-1,0,0,0,0,0,1
1334,-8,-1,-1,0,0,0,0,-1
1335,-9,-1,-1,-1,0,0,0,-3
1336,-7,0,-1,-1,0,0,0,-3
1337,-3,0,-1,-1,-1,0,0,-2
1338,0,0,-1,0,-1,0,1,0
1339,0,0,-1,0,-1,0,1,2
1340,0,0,-1,0,0,-1,1,4
1341,0,-1,-1,0,-1,-1,0,7
1342,0,-3,-1,0,-1,-1,0,8
1343,0,-4,-1,0,-1,-1,0,8
1344,1,-5,-1,0,-1,-1,-1,7
1345,2,-6,-1,0,-1,-1,-1,4
1346,3,-5,-1,0,-1,-1,-2,2
1347,3,-5,-1,0,0,-1,-3,0
1348,2,-4,-1,0,0,-1,-4,-4
1349,2,-4,-1,0,0,-1,-5,-7
1350,2,-5,-1,0,0,-1,-6,-9
1351,2,-6,-1,0,0,-1,-6,-10
1352,2,-6,-1,0,0,-1,-4,-7
1353,1,-5,-1,0,0,-1,-2,-4
1354,0,-4,-1,0,0,0,0,0
1355,0,-2,-1,-1,0,0,1,1
1356,0,0,0,-1,0,0,2,0
1357,1,2,0,0,0,0,2,0
1358,2,3,0,0,0,0,2,-2
1359,3,3,0,0,0,1,2,-4
1360,3,4,0,0,1,1,2,-4
1361,2,4,0,0,2,1,2,-4
1362,0,4,0,0,2,1,3,-4
1363,-5,3,0,0,2,1,3,-3
1364,-9,2,0,0,2,1,3,-2
1365,-10,1,0,-1,1,0,2,0
1366,-8,0,0,-2,0,0,2,2
1367,-6,0,0,-2,0,0,1,4
1368,-3,-1,-1,-2,-1,0,0,5
1369,-2,-1,-1,-2,-1,0,0,5
1370,-3,-1,-1,-1,0,-1,0,3
1371,-3,-1,-1,0,0,-1,0,1
1372,-3,-1,0,0,1,-1,0,-1
1373,-3,-1,0,1,2,0,0,-2
1374,-3,-2,0,1,3,0,1,-3
1375,-3,-2,0,2,3,0,1,-3
1376,-3,-3,0,2,3,0,1,-2
1377,-3,-4,0,1,3,0,0,0
1378,-2,-5,0,0,2,0,0,0
1379,-1,-5,-1,0,1,0,0,0
1380,0,-3,-1,0,0,0,0,0
1381,0,-2,-1,-1,0,-1,0,-1
1382,1,0,0,-1,0,-1,0,-3
1383,0,1,0,-1,0,-1,0,-4
1384,0,3,0,-1,0,-1,-1,-5
1385,-1,4,1,-1,0,-1,-1,-6
1386,-1,5,1,0,0,-1,-2,-5
1387,-1,4,0,0,0,0,-2,-4
1388,0,1,0,0,0,0,-2,-2
1389,0,-1,0,0,1,0,-2,0
1390,-1,-3,0,0,1,0,-1,0
1391,-3,-4,0,0,1,0,-1,1
1392,-5,-2,0,0,0,0,0,1
1393,-4,0,0,0,0,0,0,0
1394,0,3,0,0,0,0,0,-1
1395,6,5,1,0,-1,0,0,-2
1396,11,6,1,0,-1,0,0,-1
1397,12,6,1,0,-2,0,-1,0
1398,9,6,0,-1,-2,0,-2,0
1399,4,5,0,-1,-1,0,-2,0
1400,0,4,0,-1,-1,0,-2,-1
1401,-1,2,0,-1,0,0,-2,-2
1402,0,0,-1,-1,0,0,-1,-4
1403,1,-2,-1,-1,-1,0,0,-6
1404,2,-4,-1,-1,-1,0,0,-8
1405,4,-4,-1,-1,-1,0,1,-9
1406,4,-4,0,0,0,0,1,-9
1407,3,-3,0,0,0,0,2,-8
1408,2,-2,0,0,0,0,2,-6
1409,1,-2,0,0,0,0,2,-4
1410,1,-1,0,0,0,0,2,-1
1411,2,0,0,0,0,0,1,0
1412,4,0,0,0,0,0,1,0
1413,5,0,0,0,0,0,0,0
1414,4,1,-1,-1,-1,0,0,0
1415,3,2,-1,-2,-3,0,-1,0
1416,4,5,-1,-3,-4,0,-1,0
1417,5,6,-1,-3,-4,0,-1,0
1418,8,7,-1,-3,-4,0,-1,1
1419,12,6,-1,-2,-3,0,-1,2
1420,13,5,-2,-2,-1,0,-1,3
1421,11,2,-2,-1,-1,0,0,1
1422,8,0,-3,-1,-1,0,0,0
1423,4,0,-3,-1,-1,0,0,-1
1424,1,-2,-3,0,0,0,1,-2
1425,0,-3,-2,0,0,0,1,-1
1426,-2,-3,-1,0,0,0,2,-1
1427,-5,-3,-1,0,0,0,2,-1
1428,-9,-2,0,0,1,0,2,-2
1429,-12,-2,0,0,0,0,1,-2
1430,-13,-2,0,0,0,0,0,0
1431,-13,-3,-1,0,0,0,0,0
1432,-11,-3,-1,-1,-1,0,-1,2
1433,-9,-4,-1,-2,-2,0,-1,3
1434,-7,-4,-1,-2,-3,-1,-1,4
1435,-7,-4,-1,-3,-4,-1,0,5
1436,-10,-5,-1,-3,-4,-1,0,6
1437,-14,-6,-1,-2,-4,-1,0,7
1438,-18,-7,0,-2,-4,-1,0,6
1439,-21,-8,0,-1,-3,-1,-1,4
1440,-18,-7,0,-1,-2,-1,-1,3
1441,-12,-5,0,0,-1,-1,0,2
1442,-4,-4,0,0,0,-1,0,2
1443,1,-3,0,0,0,0,0,2
1444,5,-4,-1,0,0,0,0,0
1445,7,-5,-1,0,0,0,0,-1
1446,8,-6,-2,0,0,0,-1,-4
1447,9,-6,-2,0,0,0,-2,-6
1448,10,-6,-3,0,0,0,-2,-7
1449,11,-5,-3,0,-1,0,-1,-8
1450,11,-3,-2,0,-1,0,-1,-8
1451,12,-1,-2,0,-1,0,0,-8
1452,11,1,-1,0,0,0,0,-6
1453,9,3,0,0,0,0,0,-5
1454,5,5,0,0,0,0,0,-5
1455,0,6,0,0,0,0,0,-4
1456,-6,7,0,0,0,-1,0,-4
1457,-11,7,0,0,-1,-1,-2,-3
1458,-12,5,0,0,-1,-2,-3,-2
1459,-10,2,0,0,0,-2,-5,-1
1460,-6,0,0,0,0,-2,-6,0
1461,-2,-4,-1,0,0,-2,-6,1
1462,1,-6,-1,0,0,-1,-4,1
1463,4,-6,-1,0,1,-1,-1,1
1464,5,-4,-1,0,1,0,0,1
1465,6,-2,0,0,0,0,1,2
1466,7,-2,0,0,0,0,1,2
1467,7,-2,0,0,0,0,1,2
1468,6,-2,0,0,0,0,0,3
1469,6,-3,0,0,0,0,0,5
1470,7,-3,0,0,0,0,0,7
1471,9,-3,-1,0,0,-1,-1,9
1472,10,-2,-1,0,0,-1,-1,8
1473,10,0,-1,0,0,-1,-1,5
1474,9,1,-1,0,0,-1,-1,2
1475,6,1,0,0,0,-1,-1,0
1476,2,1,0,0,0,0,0,-2
1477,0,0,0,0,0,0,0,-4
1478,-2,0,0,0,0,0,0,-5
1479,-3,2,0,0,0,0,0,-7
1480,-3,5,1,0,0,0,0,-8
1481,-3,8,1,0,-1,0,0,-8
1482,-5,8,1,-1,-2,-1,-1,-6
1483,-6,5,1,-2,-3,-1,-2,-3
1484,-7,0,0,-2,-3,-1,-2,0
1485,-7,-2,0,-2,-3,0,-2,1
1486,-6,-3,0,-2,-2,0,-1,0
1487,-5,-1,0,-1,-1,0,0,-2
1488,-3,1,0,-1,0,0,0,-4
1489,-1,4,0,-1,0,0,0,-6
1490,0,6,0,-1,0,0,0,-5
1491,1,8,0,-1,0,0,1,-4
1492,2,8,0,-2,-1,0,2,-1
1493,1,6,0,-2,-1,0,2,0
1494,0,2,0,-2,-1,0,2,2
1495,0,-1,-1,-2,-1,0,1,3
1496,-1,-4,-1,-1,-1,-1,0,3
1497,-2,-4,-1,-1,-1,-1,0,2
1498,-2,-3,-1,0,-1,-1,-1,0
1499,-3,-2,-1,0,-1,-1,-2,-1
1500,-4,0,-2,0,0,0,-1,-4
1501,-5,0,-2,1,0,0,0,-7
1502,-6,0,-2,1,1,1,0,-9
1503,-7,-1,-2,1,2,1,1,-9
1504,-7,-2,-2,1,2,1,1,-9
1505,-8,-3,-2,1,2,1,1,-8
1506,-8,-3,-1,0,1,1,0,-7
1507,-10,-3,0,0,0,0,0,-5
1508,-11,-3,0,-1,0,0,-1,-3
1509,-12,-3,0,-1,-1,0,-2,-1
1510,-11,-2,0,-1,-1,0,-2,0
1511,-9,-1,0,-1,-1,0,-1,2
1512,-5,0,0,-1,0,0,-1,3
1513,-2,0,0,0,0,0,0,4
1514,1,0,0,0,0,0,0,5
1515,5,0,-1,0,0,0,0,5
1516,7,0,-1,0,0,0,0,5
1517,8,0,-1,0,0,0,0,4
1518,8,1,-1,0,0,-1,-1,3
1519,7,3,-1,0,0,-1,-1,1
1520,7,3,-1,0,0,-1,0,0
1521,10,3,-1,0,0,-1,0,-2
1522,13,2,-1,0,-1,-1,0,-3
1523,16,1,-1,0,-1,-1,0,-4
1524,15,0,-1,0,-1,-1,0,-4
1525,10,-2,-1,0,0,-1,0,-4
1526,4,-4,-2,0,0,-1,0,-3
1527,-1,-4,-2,0,0,-1,-1,-2
1528,-5,-4,-1,0,0,-1,-1,0
1529,-6,-2,-1,-1,0,-1,0,2
1530,-6,0,0,-1,-1,-1,0,5
1531,-6,0,0,-2,-1,-1,0,6
1532,-5,1,0,-2,-2,-1,1,7
1533,-5,1,0,-3,-2,-1,2,7
1534,-5,0,-1,-3,-3,-1,2,6
1535,-4,0,-1,-3,-3,0,2,6
1536,-2,-1,-1,-2,-3,0,2,5
1537,0,-1,-1,-2,-2,0,1,5
1538,0,-1,-1,-1,-2,0,1,5
1539,2,0,-1,-1,-2,0,0,5
1540,2,0,-1,-1,-2,0,0,5
1541,1,0,-1,-1,-2,0,0,4
1542,1,0,-1,-2,-3,-1,0,4
1543,0,0,-1,-3,-4,-1,-1,3
1544,0,0,-1,-4,-5,-2,-2,3
1545,0,0,0,-4,-5,-2,-2,2
1546,0,0,0,-3,-4,-2,-1,2
1547,0,0,0,-2,-2,-2,-1,1
1548,0,0,1,0,-1,-2,0,1
1549,0,0,0,0,0,-1,0,0
1550,0,-1,0,0,0,-1,0,0
1551,0,-1,-1,0,0,-1,0,-2
1552,0,-2,-1,0,0,-1,0,-4
1553,1,-2,-1,0,0,0,0,-4
1554,4,-3,-1,0,0,0,-1,-4
1555,6,-3,-1,0,0,0,-1,-3
1556,7,-3,-2,0,0,0,-1,-1
1557,5,-4,-2,0,-1,0,-1,0
1558,0,-6,-3,0,0,0,-1,0
1559,-5,-7,-3,0,0,0,-1,0
1560,-10,-7,-3,0,0,0,-1,0
1561,-13,-7,-2,0,0,0,-1,-1
1562,-12,-6,-1,0,0,0,0,0
1563,-9,-5,-1,1,0,0,0,0
1564,-4,-4,0,1,0,0,0,4
1565,0,-3,0,1,0,0,0,7
1566,2,-3,0,1,0,-1,0,8
1567,0,-1,0,0,0,-1,0,7
1568,-4,0,0,0,-1,-1,0,4
1569,-9,1,0,-1,-1,-1,0,0
1570,-12,2,0,-1,-1,-1,0,-2
1571,-11,1,0,-1,0,0,0,-3
1572,-10,0,-1,-1,0,0,0,-5
1573,-8,-3,-1,-1,0,0,-1,-6
1574,-7,-5,-2,0,0,-1,-1,-7
1575,-6,-6,-2,0,1,-1,-2,-8
1576,-4,-5,-2,0,1,-1,-2,-8
1577,-2,-3,-2,0,1,-1,-2,-7
1578,0,-1,-2,0,0,-1,-1,-5
1579,1,0,-2,0,0,-1,0,-3
1580,1,0,-2,-1,0,-1,0,-2
1581,0,-1,-2,-1,-1,-1,0,0
1582,-2,-2,-2,-1,-1,-1,0,0
1583,-3,-2,-1,-1,-1,-1,0,0
1584,-3,-2,0,-1,-1,-1,0,0
1585,-3,-1,0,-1,-1,-1,0,0
1586,-3,-1,0,0,-1,0,0,-1
1587,-2,0,1,0,0,0,0,-2
1588,0,0,1,0,0,0,0,-3
1589,1,0,0,0,0,0,0,-4
1590,3,0,0,0,0,1,1,-4
1591,5,0,0,0,0,1,1,-5
1592,7,2,0,0,0,1,1,-6
1593,9,5,0,0,0,1,0,-8
1594,10,8,1,0,0,1,0,-9
1595,11,10,1,0,1,0,0,-10
1596,11,11,1,0,1,0,0,-8
1597,11,10,1,0,0,0,0,-5
1598,9,9,0,0,0,0,0,-3
1599,4,7,0,0,-1,0,0,-2
1600,0,4,0,-1,-2,-1,0,-3
1601,-3,2,-1,-1,-2,-1,-1,-3
1602,-3,0,-1,-1,-2,-1,-1,-4
1603,-1,0,-2,-2,-2,-1,-2,-3
1604,1,-2,-2,-2,-2,-1,-2,-2
1605,3,-2,-2,-1,-2,-1,-3,-1
1606,3,-3,-2,-1,-1,-1,-4,-2
1607,2,-3,-1,0,-2,-1,-5,-2
1608,0,-3,-1,0,-2,-2,-5,-1
1609,0,-3,-2,0,-1,-2,-4,2
1610,2,-3,-2,0,-1,-2,-2,6
1611,3,-3,-2,0,-1,-1,0,9
1612,4,-2,-2,0,-1,-1,0,10
1613,3,-1,-1,0,-1,-1,1,8
1614,2,0,0,0,-1,0,1,5
1615,2,0,0,0,-1,0,0,2
1616,4,0,0,0,-1,0,0,0
1617,5,0,0,0,-1,0,0,-1
1618,6,0,0,0,-1,0,0,-2
1619,4,-1,0,0,-1,0,0,-3
1620,1,-3,0,-1,-1,0,0,-4
1621,0,-6,-1,-1,-1,0,0,-5
1622,-2,-8,-1,-1,-1,0,0,-5
1623,-3,-9,-1,0,0,0,0,-4
1624,-4,-7,-1,0,0,0,0,-3
1625,-7,-5,-1,0,0,0,0,-2
1626,-10,-3,-1,0,0,0,-1,0
1627,-11,-1,-1,0,-1,0,-1,0
1628,-10,0,-1,0,-2,0,-1,1
1629,-7,-1,0,0,-2,0,-1,2
1630,-5,-2,-1,0,-2,0,-1,2
1631,-3,-3,-1,0,-2,0,-1,2
1632,-2,-4,-1,0,-2,0,0,2
1633,0,-3,-1,0,-1,0,0,1
1634,0,0,-1,-1,-1,0,0,0
1635,1,3,0,-1,-1,0,0,0
1636,1,9,0,-1,-1,0,-1,0
1637,-1,13,1,-1,-1,0,-2,0
1638,-7,15,1,-1,0,0,-3,0
1639,-12,14,2,0,0,0,-3,0
1640,-14,12,2,0,0,-1,-2,0
1641,-10,10,1,0,0,-1,-2,-1
1642,-1,9,1,0,0,-1,-1,-1
1643,7,8,0,-1,0,-2,-1,-2
1644,13,5,0,-1,-1,-2,-1,-1
1645,15,2,0,-1,-1,-2,-1,-1
1646,16,-1,-1,0,0,-1,-1,0
1647,15,-3,-1,0,0,-1,-1,0
1648,14,-3,-1,0,0,0,-1,0
1649,12,-2,-1,0,0,0,-1,0
1650,9,0,0,0,0,0,-1,0
1651,5,0,0,0,0,-1,-1,2
1652,0,-1,-1,0,0,-1,-2,4
1653,-4,-3,-1,-1,0,-2,-2,5
1654,-6,-5,-1,-1,-1,-2,-2,6
1655,-7,-6,-1,-2,-3,-2,-1,6
1656,-6,-6,-1,-2,-4,-2,-1,5
1657,-4,-4,-1,-2,-5,-1,0,4
1658,-1,-2,-1,-2,-5,-1,0,2
1659,1,0,0,-1,-3,0,0,0
1660,4,2,0,0,-2,0,0,0
1661,6,2,0,0,-1,0,0,0
1662,7,0,0,0,0,0,0,1
1663,5,-2,1,0,0,0,0,3
1664,3,-3,1,0,-1,0,0,4
1665,0,-3,0,0,-1,0,0,5
1666,-3,-3,0,0,-1,0,0,6
1667,-5,-2,0,0,-1,0,0,5
1668,-6,-3,0,0,0,0,0,4
1669,-5,-3,0,0,0,0,0,2
1670,-4,-4,-1,0,0,0,0,0
1671,-2,-3,-2,0,0,0,0,-1
1672,-2,-2,-2,0,0,0,0,-2
1673,-1,-1,-2,0,0,0,0,-3
1674,-1,-1,-2,0,0,0,0,-2
1675,0,-2,-2,0,0,0,0,-1
1676,0,-4,-2,-1,0,-1,0,0
1677,0,-5,-2,-1,0,-1,-1,1
1678,0,-6,-2,-1,0,-1,-1,1
1679,-2,-6,-2,-1,0,-1,-1,0
1680,-6,-6,-2,-1,0,-1,-1,0
1681,-11,-6,-2,-1,0,-1,0,-1
1682,-16,-8,-2,-1,0,-1,0,-1
1683,-20,-9,-2,-1,0,0,0,-1
1684,-21,-9,-2,-1,-1,0,0,-1
1685,-16,-8,-2,-1,-1,0,0,0
1686,-8,-6,-1,-1,-1,0,0,0
1687,0,-3,-1,-1,-1,0,-1,0
1688,4,-1,-1,-1,-2,0,-1,0
1689,6,0,-1,-1,-2,-1,-2,1
1690,6,0,-1,-1,-2,-1,-2,2
1691,6,0,-1,-1,-2,-2,-1,3
1692,6,-1,-1,-1,-1,-2,0,3
1693,6,-2,-1,0,-1,-1,0,3
1694,7,-3,-1,0,0,-1,0,3
1695,6,-4,-1,0,0,-1,0,3
1696,4,-3,-1,-1,0,0,0,4
1697,1,-3,-1,-1,0,0,0,4
1698,0,-1,-1,0,1,0,0,4
1699,-2,0,0,0,1,0,-1,4
1700,-2,1,0,0,1,0,-1,2
1701,-2,2,0,0,1,0,-1,0
1702,-2,2,0,0,0,0,0,-2
1703,-2,1,0,0,0,0,0,-4
1704,-2,0,0,1,0,0,0,-5
1705,-4,0,0,1,1,0,0,-4
1706,-6,1,0,2,1,0,0,-3
1707,-8,1,0,2,1,0,0,-3
1708,-8,0,0,2,2,0,0,-3
1709,-6,0,0,2,1,0,-1,-3
1710,-4,-1,0,1,1,0,-1,-2
1711,-2,-1,0,0,1,0,-1,-1
1712,0,0,0,0,0,0,0,0
1713,2,1,0,0,0,0,0,0
1714,4,2,0,-1,-1,0,0,-1
1715,7,1,0,-2,-2,0,0,-2
1716,10,0,0,-2,-2,0,0,-3
1717,12,-2,-1,-2,-1,0,-1,-3
1718,12,-4,-1,-1,-1,0,-1,-3
1719,11,-4,-1,-1,0,0,0,-3
1720,8,-3,0,0,0,0,0,-1
1721,4,-2,0,0,0,0,-1,0
1722,1,-1,0,0,0,0,-1,1
1723,-1,-1,-1,0,0,0,-1,3
1724,-3,-2,-1,-1,-1,0,0,3
1725,-3,-3,-1,-1,-1,0,0,1
1726,-1,-2,-1,-1,-1,0,0,-2
1727,1,-2,0,-1,-1,0,0,-7
1728,4,-1,0,-1,-1,0,0,-10
1729,5,0,0,0,-1,0,0,-9
1730,4,0,0,-1,-2,0,0,-7
1731,3,0,0,-1,-2,0,0,-4
1732,2,0,0,-1,-2,0,0,-1
1733,1,0,0,0,-1,0,0,-1
1734,0,0,0,0,-1,0,0,-1
1735,0,1,0,-1,-1,0,0,-1
1736,0,1,0,-1,-1,0,0,-1
1737,0,1,0,-1,0,0,0,-1
1738,-1,0,-1,-1,0,0,0,-1
1739,-4,0,-1,0,0,0,0,-1
1740,-9,-2,-1,0,0,0,0,-2
1741,-15,-3,0,0,0,0,0,-4
1742,-19,-4,0,0,0,0,0,-6
1743,-18,-4,0,0,0,0,0,-7
1744,-15,-3,0,0,0,0,0,-8
1745,-12,-3,-1,-1,-1,0,0,-6
1746,-10,-5,-2,-2,-2,0,0,-3
1747,-9,-7,-2,-3,-3,0,0,0
1748,-8,-7,-3,-3,-3,-1,0,0
1749,-5,-7,-2,-3,-3,-1,-1,0
1750,0,-5,-2,-2,-2,-1,-2,-1
1751,3,-2,-1,-1,-1,0,-2,-3
1752,4,-1,-1,0,0,0,-2,-4
1753,3,0,0,0,0,0,-1,-4
1754,2,0,-1,0,0,0,-1,-2
1755,1,-1,-1,-1,0,-1,-1,0
1756,2,-2,-1,-2,-1,-2,-1,1
1757,2,-2,-2,-2,-1,-2,-2,1
1758,2,-2,-1,-2,-1,-3,-2,0
1759,0,-1,-1,-1,0,-2,-2,0
1760,-1,0,-1,0,0,-1,-1,-1
1761,-3,0,0,0,0,-1,0,-1
1762,-6,0,0,0,0,0,0,0
1763,-7,0,0,0,0,0,0,0
1764,-8,-2,-1,0,-1,0,0,0
1765,-7,-3,-1,0,-1,0,0,0
1766,-6,-4,-1,0,0,0,0,0
1767,-5,-4,-1,0,0,0,0,1
1768,-3,-3,-1,0,0,0,0,3
1769,-1,-2,-1,0,0,0,-1,5
1770,0,-1,0,0,1,0,-1,7
1771,4,0,0,0,1,0,-1,7
1772,7,-1,-1,0,2,0,-1,4
1773,10,-2,-1,0,2,0,-2,0
1774,13,-2,-1,0,1,0,-2,-3
1775,15,-2,-1,0,1,0,-3,-6
1776,17,-1,-1,0,1,0,-5,-7
1777,16,0,-1,0,0,0,-5,-7
1778,13,0,-1,0,0,0,-5,-7
1779,9,-2,-1,0,0,0,-4,-6
1780,4,-2,-1,0,0,0,-3,-5
1781,2,-2,-1,0,0,0,-1,-4
1782,0,0,0,0,-1,-1,-1,-2
1783,0,1,0,-1,-2,-1,-1,-1
1784,-1,3,0,-1,-3,-2,-1,0
1785,-2,2,0,-1,-3,-2,-1,0
1786,-2,0,0,-1,-3,-2,-1,0
1787,0,0,0,0,-2,-1,0,0
1788,0,0,0,0,-1,-1,0,1
1789,1,0,0,0,-1,-1,0,2
1790,1,1,0,0,0,-1,0,4
1791,0,2,0,0,0,-1,0,4
1792,0,1,0,0,0,-1,0,3
1793,0,0,-1,0,0,0,0,1
1794,0,-2,-2,0,0,0,0,0
1795,1,-2,-2,0,0,0,0,0
1796,4,0,-2,0,0,0,0,0
1797,7,1,-1,0,0,0,-1,0
1798,10,3,0,0,0,0,-1,0
1799,11,4,0,0,0,0,-1,0
1800,9,3,0,0,0,0,0,0
1801,7,1,0,0,0,0,0,-1
1802,4,0,0,0,0,0,0,-1
1803,2,-1,0,0,0,0,0,-1
